doctor_id,prescription_probability,tier,tier_description
DOC0011,0.9510740003854271,3,"Experienced and high Volume-Driven specialists: Experienced, Highest precription volume, urban, hospital affiliated, highly influential"
DOC0044,0.9510740003854271,3,"Experienced and high Volume-Driven specialists: Experienced, Highest precription volume, urban, hospital affiliated, highly influential"
DOC0343,0.9510740003854271,3,"Experienced and high Volume-Driven specialists: Experienced, Highest precription volume, urban, hospital affiliated, highly influential"
DOC0351,0.9510740003854271,3,"Experienced and high Volume-Driven specialists: Experienced, Highest precription volume, urban, hospital affiliated, highly influential"
DOC0366,0.9510740003854271,3,"Experienced and high Volume-Driven specialists: Experienced, Highest precription volume, urban, hospital affiliated, highly influential"
DOC0431,0.9510740003854271,3,"Experienced and high Volume-Driven specialists: Experienced, Highest precription volume, urban, hospital affiliated, highly influential"
DOC0107,0.8106965881542105,3,"Experienced and high Volume-Driven specialists: Experienced, Highest precription volume, urban, hospital affiliated, highly influential"
DOC0121,0.8106965881542105,3,"Experienced and high Volume-Driven specialists: Experienced, Highest precription volume, urban, hospital affiliated, highly influential"
DOC0145,0.8106965881542105,3,"Experienced and high Volume-Driven specialists: Experienced, Highest precription volume, urban, hospital affiliated, highly influential"
DOC0197,0.8106965881542105,3,"Experienced and high Volume-Driven specialists: Experienced, Highest precription volume, urban, hospital affiliated, highly influential"
DOC0203,0.8106965881542105,3,"Experienced and high Volume-Driven specialists: Experienced, Highest precription volume, urban, hospital affiliated, highly influential"
DOC0251,0.8106965881542105,3,"Experienced and high Volume-Driven specialists: Experienced, Highest precription volume, urban, hospital affiliated, highly influential"
DOC0435,0.8106965881542105,3,"Experienced and high Volume-Driven specialists: Experienced, Highest precription volume, urban, hospital affiliated, highly influential"
DOC0446,0.8106965881542105,3,"Experienced and high Volume-Driven specialists: Experienced, Highest precription volume, urban, hospital affiliated, highly influential"
DOC0015,0.7243472143573331,3,"Experienced and high Volume-Driven specialists: Experienced, Highest precription volume, urban, hospital affiliated, highly influential"
DOC0037,0.7243472143573331,3,"Experienced and high Volume-Driven specialists: Experienced, Highest precription volume, urban, hospital affiliated, highly influential"
DOC0108,0.7243472143573331,3,"Experienced and high Volume-Driven specialists: Experienced, Highest precription volume, urban, hospital affiliated, highly influential"
DOC0111,0.7243472143573331,3,"Experienced and high Volume-Driven specialists: Experienced, Highest precription volume, urban, hospital affiliated, highly influential"
DOC0126,0.7243472143573331,3,"Experienced and high Volume-Driven specialists: Experienced, Highest precription volume, urban, hospital affiliated, highly influential"
DOC0229,0.7243472143573331,3,"Experienced and high Volume-Driven specialists: Experienced, Highest precription volume, urban, hospital affiliated, highly influential"
DOC0234,0.7243472143573331,3,"Experienced and high Volume-Driven specialists: Experienced, Highest precription volume, urban, hospital affiliated, highly influential"
DOC0255,0.7243472143573331,3,"Experienced and high Volume-Driven specialists: Experienced, Highest precription volume, urban, hospital affiliated, highly influential"
DOC0284,0.7243472143573331,3,"Experienced and high Volume-Driven specialists: Experienced, Highest precription volume, urban, hospital affiliated, highly influential"
DOC0322,0.7243472143573331,3,"Experienced and high Volume-Driven specialists: Experienced, Highest precription volume, urban, hospital affiliated, highly influential"
DOC0355,0.7243472143573331,3,"Experienced and high Volume-Driven specialists: Experienced, Highest precription volume, urban, hospital affiliated, highly influential"
DOC0369,0.7243472143573331,3,"Experienced and high Volume-Driven specialists: Experienced, Highest precription volume, urban, hospital affiliated, highly influential"
DOC0378,0.7243472143573331,3,"Experienced and high Volume-Driven specialists: Experienced, Highest precription volume, urban, hospital affiliated, highly influential"
DOC0381,0.7243472143573331,3,"Experienced and high Volume-Driven specialists: Experienced, Highest precription volume, urban, hospital affiliated, highly influential"
DOC0426,0.7243472143573331,3,"Experienced and high Volume-Driven specialists: Experienced, Highest precription volume, urban, hospital affiliated, highly influential"
DOC0418,0.4945320265392084,3,"Experienced and high Volume-Driven specialists: Experienced, Highest precription volume, urban, hospital affiliated, highly influential"
DOC0444,0.4945320265392084,3,"Experienced and high Volume-Driven specialists: Experienced, Highest precription volume, urban, hospital affiliated, highly influential"
DOC0045,0.395863436467361,3,"Experienced and high Volume-Driven specialists: Experienced, Highest precription volume, urban, hospital affiliated, highly influential"
DOC0171,0.395863436467361,3,"Experienced and high Volume-Driven specialists: Experienced, Highest precription volume, urban, hospital affiliated, highly influential"
DOC0176,0.395863436467361,3,"Experienced and high Volume-Driven specialists: Experienced, Highest precription volume, urban, hospital affiliated, highly influential"
DOC0046,0.31529722892081785,3,"Experienced and high Volume-Driven specialists: Experienced, Highest precription volume, urban, hospital affiliated, highly influential"
DOC0083,0.31529722892081785,3,"Experienced and high Volume-Driven specialists: Experienced, Highest precription volume, urban, hospital affiliated, highly influential"
DOC0098,0.31529722892081785,3,"Experienced and high Volume-Driven specialists: Experienced, Highest precription volume, urban, hospital affiliated, highly influential"
DOC0159,0.31529722892081785,3,"Experienced and high Volume-Driven specialists: Experienced, Highest precription volume, urban, hospital affiliated, highly influential"
DOC0162,0.31529722892081785,3,"Experienced and high Volume-Driven specialists: Experienced, Highest precription volume, urban, hospital affiliated, highly influential"
DOC0167,0.31529722892081785,3,"Experienced and high Volume-Driven specialists: Experienced, Highest precription volume, urban, hospital affiliated, highly influential"
DOC0173,0.31529722892081785,3,"Experienced and high Volume-Driven specialists: Experienced, Highest precription volume, urban, hospital affiliated, highly influential"
DOC0200,0.31529722892081785,3,"Experienced and high Volume-Driven specialists: Experienced, Highest precription volume, urban, hospital affiliated, highly influential"
DOC0220,0.31529722892081785,3,"Experienced and high Volume-Driven specialists: Experienced, Highest precription volume, urban, hospital affiliated, highly influential"
DOC0240,0.31529722892081785,3,"Experienced and high Volume-Driven specialists: Experienced, Highest precription volume, urban, hospital affiliated, highly influential"
DOC0270,0.31529722892081785,3,"Experienced and high Volume-Driven specialists: Experienced, Highest precription volume, urban, hospital affiliated, highly influential"
DOC0319,0.31529722892081785,3,"Experienced and high Volume-Driven specialists: Experienced, Highest precription volume, urban, hospital affiliated, highly influential"
DOC0323,0.31529722892081785,3,"Experienced and high Volume-Driven specialists: Experienced, Highest precription volume, urban, hospital affiliated, highly influential"
DOC0348,0.31529722892081785,3,"Experienced and high Volume-Driven specialists: Experienced, Highest precription volume, urban, hospital affiliated, highly influential"
DOC0370,0.31529722892081785,3,"Experienced and high Volume-Driven specialists: Experienced, Highest precription volume, urban, hospital affiliated, highly influential"
DOC0383,0.31529722892081785,3,"Experienced and high Volume-Driven specialists: Experienced, Highest precription volume, urban, hospital affiliated, highly influential"
DOC0450,0.31529722892081785,3,"Experienced and high Volume-Driven specialists: Experienced, Highest precription volume, urban, hospital affiliated, highly influential"
DOC0465,0.31529722892081785,3,"Experienced and high Volume-Driven specialists: Experienced, Highest precription volume, urban, hospital affiliated, highly influential"
DOC0488,0.31529722892081785,3,"Experienced and high Volume-Driven specialists: Experienced, Highest precription volume, urban, hospital affiliated, highly influential"
DOC0223,0.26190765766009283,3,"Experienced and high Volume-Driven specialists: Experienced, Highest precription volume, urban, hospital affiliated, highly influential"
DOC0294,0.26190765766009283,3,"Experienced and high Volume-Driven specialists: Experienced, Highest precription volume, urban, hospital affiliated, highly influential"
DOC0139,0.19202040490476255,3,"Experienced and high Volume-Driven specialists: Experienced, Highest precription volume, urban, hospital affiliated, highly influential"
DOC0199,0.19202040490476255,3,"Experienced and high Volume-Driven specialists: Experienced, Highest precription volume, urban, hospital affiliated, highly influential"
DOC0332,0.19202040490476255,3,"Experienced and high Volume-Driven specialists: Experienced, Highest precription volume, urban, hospital affiliated, highly influential"
DOC0422,0.19202040490476255,3,"Experienced and high Volume-Driven specialists: Experienced, Highest precription volume, urban, hospital affiliated, highly influential"
DOC0480,0.19202040490476255,3,"Experienced and high Volume-Driven specialists: Experienced, Highest precription volume, urban, hospital affiliated, highly influential"
DOC0006,0.14946577886357487,3,"Experienced and high Volume-Driven specialists: Experienced, Highest precription volume, urban, hospital affiliated, highly influential"
DOC0014,0.14946577886357487,3,"Experienced and high Volume-Driven specialists: Experienced, Highest precription volume, urban, hospital affiliated, highly influential"
DOC0017,0.14946577886357487,3,"Experienced and high Volume-Driven specialists: Experienced, Highest precription volume, urban, hospital affiliated, highly influential"
DOC0021,0.14946577886357487,3,"Experienced and high Volume-Driven specialists: Experienced, Highest precription volume, urban, hospital affiliated, highly influential"
DOC0027,0.14946577886357487,3,"Experienced and high Volume-Driven specialists: Experienced, Highest precription volume, urban, hospital affiliated, highly influential"
DOC0062,0.14946577886357487,3,"Experienced and high Volume-Driven specialists: Experienced, Highest precription volume, urban, hospital affiliated, highly influential"
DOC0066,0.14946577886357487,3,"Experienced and high Volume-Driven specialists: Experienced, Highest precription volume, urban, hospital affiliated, highly influential"
DOC0097,0.14946577886357487,3,"Experienced and high Volume-Driven specialists: Experienced, Highest precription volume, urban, hospital affiliated, highly influential"
DOC0101,0.14946577886357487,3,"Experienced and high Volume-Driven specialists: Experienced, Highest precription volume, urban, hospital affiliated, highly influential"
DOC0135,0.14946577886357487,3,"Experienced and high Volume-Driven specialists: Experienced, Highest precription volume, urban, hospital affiliated, highly influential"
DOC0164,0.14946577886357487,3,"Experienced and high Volume-Driven specialists: Experienced, Highest precription volume, urban, hospital affiliated, highly influential"
DOC0175,0.14946577886357487,3,"Experienced and high Volume-Driven specialists: Experienced, Highest precription volume, urban, hospital affiliated, highly influential"
DOC0191,0.14946577886357487,3,"Experienced and high Volume-Driven specialists: Experienced, Highest precription volume, urban, hospital affiliated, highly influential"
DOC0206,0.14946577886357487,3,"Experienced and high Volume-Driven specialists: Experienced, Highest precription volume, urban, hospital affiliated, highly influential"
DOC0219,0.14946577886357487,3,"Experienced and high Volume-Driven specialists: Experienced, Highest precription volume, urban, hospital affiliated, highly influential"
DOC0242,0.14946577886357487,3,"Experienced and high Volume-Driven specialists: Experienced, Highest precription volume, urban, hospital affiliated, highly influential"
DOC0249,0.14946577886357487,3,"Experienced and high Volume-Driven specialists: Experienced, Highest precription volume, urban, hospital affiliated, highly influential"
DOC0274,0.14946577886357487,3,"Experienced and high Volume-Driven specialists: Experienced, Highest precription volume, urban, hospital affiliated, highly influential"
DOC0295,0.14946577886357487,3,"Experienced and high Volume-Driven specialists: Experienced, Highest precription volume, urban, hospital affiliated, highly influential"
DOC0298,0.14946577886357487,3,"Experienced and high Volume-Driven specialists: Experienced, Highest precription volume, urban, hospital affiliated, highly influential"
DOC0299,0.14946577886357487,3,"Experienced and high Volume-Driven specialists: Experienced, Highest precription volume, urban, hospital affiliated, highly influential"
DOC0301,0.14946577886357487,3,"Experienced and high Volume-Driven specialists: Experienced, Highest precription volume, urban, hospital affiliated, highly influential"
DOC0315,0.14946577886357487,3,"Experienced and high Volume-Driven specialists: Experienced, Highest precription volume, urban, hospital affiliated, highly influential"
DOC0342,0.14946577886357487,3,"Experienced and high Volume-Driven specialists: Experienced, Highest precription volume, urban, hospital affiliated, highly influential"
DOC0347,0.14946577886357487,3,"Experienced and high Volume-Driven specialists: Experienced, Highest precription volume, urban, hospital affiliated, highly influential"
DOC0350,0.14946577886357487,3,"Experienced and high Volume-Driven specialists: Experienced, Highest precription volume, urban, hospital affiliated, highly influential"
DOC0357,0.14946577886357487,3,"Experienced and high Volume-Driven specialists: Experienced, Highest precription volume, urban, hospital affiliated, highly influential"
DOC0375,0.14946577886357487,3,"Experienced and high Volume-Driven specialists: Experienced, Highest precription volume, urban, hospital affiliated, highly influential"
DOC0380,0.14946577886357487,3,"Experienced and high Volume-Driven specialists: Experienced, Highest precription volume, urban, hospital affiliated, highly influential"
DOC0387,0.14946577886357487,3,"Experienced and high Volume-Driven specialists: Experienced, Highest precription volume, urban, hospital affiliated, highly influential"
DOC0403,0.14946577886357487,3,"Experienced and high Volume-Driven specialists: Experienced, Highest precription volume, urban, hospital affiliated, highly influential"
DOC0433,0.14946577886357487,3,"Experienced and high Volume-Driven specialists: Experienced, Highest precription volume, urban, hospital affiliated, highly influential"
DOC0443,0.14946577886357487,3,"Experienced and high Volume-Driven specialists: Experienced, Highest precription volume, urban, hospital affiliated, highly influential"
DOC0039,0.04825218054526117,3,"Experienced and high Volume-Driven specialists: Experienced, Highest precription volume, urban, hospital affiliated, highly influential"
DOC0048,0.04825218054526117,3,"Experienced and high Volume-Driven specialists: Experienced, Highest precription volume, urban, hospital affiliated, highly influential"
DOC0084,0.04825218054526117,3,"Experienced and high Volume-Driven specialists: Experienced, Highest precription volume, urban, hospital affiliated, highly influential"
DOC0099,0.04825218054526117,3,"Experienced and high Volume-Driven specialists: Experienced, Highest precription volume, urban, hospital affiliated, highly influential"
DOC0132,0.04825218054526117,3,"Experienced and high Volume-Driven specialists: Experienced, Highest precription volume, urban, hospital affiliated, highly influential"
DOC0133,0.04825218054526117,3,"Experienced and high Volume-Driven specialists: Experienced, Highest precription volume, urban, hospital affiliated, highly influential"
DOC0142,0.04825218054526117,3,"Experienced and high Volume-Driven specialists: Experienced, Highest precription volume, urban, hospital affiliated, highly influential"
DOC0180,0.04825218054526117,3,"Experienced and high Volume-Driven specialists: Experienced, Highest precription volume, urban, hospital affiliated, highly influential"
DOC0192,0.04825218054526117,3,"Experienced and high Volume-Driven specialists: Experienced, Highest precription volume, urban, hospital affiliated, highly influential"
DOC0215,0.04825218054526117,3,"Experienced and high Volume-Driven specialists: Experienced, Highest precription volume, urban, hospital affiliated, highly influential"
DOC0262,0.04825218054526117,3,"Experienced and high Volume-Driven specialists: Experienced, Highest precription volume, urban, hospital affiliated, highly influential"
DOC0329,0.04825218054526117,3,"Experienced and high Volume-Driven specialists: Experienced, Highest precription volume, urban, hospital affiliated, highly influential"
DOC0340,0.04825218054526117,3,"Experienced and high Volume-Driven specialists: Experienced, Highest precription volume, urban, hospital affiliated, highly influential"
DOC0356,0.04825218054526117,3,"Experienced and high Volume-Driven specialists: Experienced, Highest precription volume, urban, hospital affiliated, highly influential"
DOC0359,0.04825218054526117,3,"Experienced and high Volume-Driven specialists: Experienced, Highest precription volume, urban, hospital affiliated, highly influential"
DOC0362,0.04825218054526117,3,"Experienced and high Volume-Driven specialists: Experienced, Highest precription volume, urban, hospital affiliated, highly influential"
DOC0386,0.04825218054526117,3,"Experienced and high Volume-Driven specialists: Experienced, Highest precription volume, urban, hospital affiliated, highly influential"
DOC0390,0.04825218054526117,3,"Experienced and high Volume-Driven specialists: Experienced, Highest precription volume, urban, hospital affiliated, highly influential"
DOC0396,0.04825218054526117,3,"Experienced and high Volume-Driven specialists: Experienced, Highest precription volume, urban, hospital affiliated, highly influential"
DOC0419,0.04825218054526117,3,"Experienced and high Volume-Driven specialists: Experienced, Highest precription volume, urban, hospital affiliated, highly influential"
DOC0420,0.04825218054526117,3,"Experienced and high Volume-Driven specialists: Experienced, Highest precription volume, urban, hospital affiliated, highly influential"
DOC0429,0.04825218054526117,3,"Experienced and high Volume-Driven specialists: Experienced, Highest precription volume, urban, hospital affiliated, highly influential"
DOC0438,0.04825218054526117,3,"Experienced and high Volume-Driven specialists: Experienced, Highest precription volume, urban, hospital affiliated, highly influential"
DOC0440,0.04825218054526117,3,"Experienced and high Volume-Driven specialists: Experienced, Highest precription volume, urban, hospital affiliated, highly influential"
DOC0447,0.04825218054526117,3,"Experienced and high Volume-Driven specialists: Experienced, Highest precription volume, urban, hospital affiliated, highly influential"
DOC0448,0.04825218054526117,3,"Experienced and high Volume-Driven specialists: Experienced, Highest precription volume, urban, hospital affiliated, highly influential"
DOC0459,0.04825218054526117,3,"Experienced and high Volume-Driven specialists: Experienced, Highest precription volume, urban, hospital affiliated, highly influential"
DOC0472,0.04825218054526117,3,"Experienced and high Volume-Driven specialists: Experienced, Highest precription volume, urban, hospital affiliated, highly influential"
DOC0476,0.04825218054526117,3,"Experienced and high Volume-Driven specialists: Experienced, Highest precription volume, urban, hospital affiliated, highly influential"
DOC0478,0.04825218054526117,3,"Experienced and high Volume-Driven specialists: Experienced, Highest precription volume, urban, hospital affiliated, highly influential"
DOC0481,0.04825218054526117,3,"Experienced and high Volume-Driven specialists: Experienced, Highest precription volume, urban, hospital affiliated, highly influential"
DOC0487,0.04825218054526117,3,"Experienced and high Volume-Driven specialists: Experienced, Highest precription volume, urban, hospital affiliated, highly influential"
DOC0496,0.04825218054526117,3,"Experienced and high Volume-Driven specialists: Experienced, Highest precription volume, urban, hospital affiliated, highly influential"
DOC0024,0.9510740003854271,2,"Young potentials with trust: Young potentials, high prescription volume, high trust in pharma"
DOC0036,0.9510740003854271,2,"Young potentials with trust: Young potentials, high prescription volume, high trust in pharma"
DOC0058,0.9510740003854271,2,"Young potentials with trust: Young potentials, high prescription volume, high trust in pharma"
DOC0069,0.9510740003854271,2,"Young potentials with trust: Young potentials, high prescription volume, high trust in pharma"
DOC0114,0.9510740003854271,2,"Young potentials with trust: Young potentials, high prescription volume, high trust in pharma"
DOC0116,0.9510740003854271,2,"Young potentials with trust: Young potentials, high prescription volume, high trust in pharma"
DOC0122,0.9510740003854271,2,"Young potentials with trust: Young potentials, high prescription volume, high trust in pharma"
DOC0163,0.9510740003854271,2,"Young potentials with trust: Young potentials, high prescription volume, high trust in pharma"
DOC0165,0.9510740003854271,2,"Young potentials with trust: Young potentials, high prescription volume, high trust in pharma"
DOC0182,0.9510740003854271,2,"Young potentials with trust: Young potentials, high prescription volume, high trust in pharma"
DOC0190,0.9510740003854271,2,"Young potentials with trust: Young potentials, high prescription volume, high trust in pharma"
DOC0202,0.9510740003854271,2,"Young potentials with trust: Young potentials, high prescription volume, high trust in pharma"
DOC0230,0.9510740003854271,2,"Young potentials with trust: Young potentials, high prescription volume, high trust in pharma"
DOC0244,0.9510740003854271,2,"Young potentials with trust: Young potentials, high prescription volume, high trust in pharma"
DOC0257,0.9510740003854271,2,"Young potentials with trust: Young potentials, high prescription volume, high trust in pharma"
DOC0261,0.9510740003854271,2,"Young potentials with trust: Young potentials, high prescription volume, high trust in pharma"
DOC0265,0.9510740003854271,2,"Young potentials with trust: Young potentials, high prescription volume, high trust in pharma"
DOC0267,0.9510740003854271,2,"Young potentials with trust: Young potentials, high prescription volume, high trust in pharma"
DOC0303,0.9510740003854271,2,"Young potentials with trust: Young potentials, high prescription volume, high trust in pharma"
DOC0335,0.9510740003854271,2,"Young potentials with trust: Young potentials, high prescription volume, high trust in pharma"
DOC0339,0.9510740003854271,2,"Young potentials with trust: Young potentials, high prescription volume, high trust in pharma"
DOC0344,0.9510740003854271,2,"Young potentials with trust: Young potentials, high prescription volume, high trust in pharma"
DOC0400,0.9510740003854271,2,"Young potentials with trust: Young potentials, high prescription volume, high trust in pharma"
DOC0404,0.9510740003854271,2,"Young potentials with trust: Young potentials, high prescription volume, high trust in pharma"
DOC0452,0.9510740003854271,2,"Young potentials with trust: Young potentials, high prescription volume, high trust in pharma"
DOC0457,0.9510740003854271,2,"Young potentials with trust: Young potentials, high prescription volume, high trust in pharma"
DOC0460,0.9510740003854271,2,"Young potentials with trust: Young potentials, high prescription volume, high trust in pharma"
DOC0464,0.9510740003854271,2,"Young potentials with trust: Young potentials, high prescription volume, high trust in pharma"
DOC0469,0.9510740003854271,2,"Young potentials with trust: Young potentials, high prescription volume, high trust in pharma"
DOC0013,0.8106965881542105,2,"Young potentials with trust: Young potentials, high prescription volume, high trust in pharma"
DOC0016,0.8106965881542105,2,"Young potentials with trust: Young potentials, high prescription volume, high trust in pharma"
DOC0020,0.8106965881542105,2,"Young potentials with trust: Young potentials, high prescription volume, high trust in pharma"
DOC0023,0.8106965881542105,2,"Young potentials with trust: Young potentials, high prescription volume, high trust in pharma"
DOC0030,0.8106965881542105,2,"Young potentials with trust: Young potentials, high prescription volume, high trust in pharma"
DOC0031,0.8106965881542105,2,"Young potentials with trust: Young potentials, high prescription volume, high trust in pharma"
DOC0050,0.8106965881542105,2,"Young potentials with trust: Young potentials, high prescription volume, high trust in pharma"
DOC0057,0.8106965881542105,2,"Young potentials with trust: Young potentials, high prescription volume, high trust in pharma"
DOC0077,0.8106965881542105,2,"Young potentials with trust: Young potentials, high prescription volume, high trust in pharma"
DOC0078,0.8106965881542105,2,"Young potentials with trust: Young potentials, high prescription volume, high trust in pharma"
DOC0085,0.8106965881542105,2,"Young potentials with trust: Young potentials, high prescription volume, high trust in pharma"
DOC0091,0.8106965881542105,2,"Young potentials with trust: Young potentials, high prescription volume, high trust in pharma"
DOC0096,0.8106965881542105,2,"Young potentials with trust: Young potentials, high prescription volume, high trust in pharma"
DOC0141,0.8106965881542105,2,"Young potentials with trust: Young potentials, high prescription volume, high trust in pharma"
DOC0151,0.8106965881542105,2,"Young potentials with trust: Young potentials, high prescription volume, high trust in pharma"
DOC0188,0.8106965881542105,2,"Young potentials with trust: Young potentials, high prescription volume, high trust in pharma"
DOC0198,0.8106965881542105,2,"Young potentials with trust: Young potentials, high prescription volume, high trust in pharma"
DOC0210,0.8106965881542105,2,"Young potentials with trust: Young potentials, high prescription volume, high trust in pharma"
DOC0218,0.8106965881542105,2,"Young potentials with trust: Young potentials, high prescription volume, high trust in pharma"
DOC0226,0.8106965881542105,2,"Young potentials with trust: Young potentials, high prescription volume, high trust in pharma"
DOC0239,0.8106965881542105,2,"Young potentials with trust: Young potentials, high prescription volume, high trust in pharma"
DOC0241,0.8106965881542105,2,"Young potentials with trust: Young potentials, high prescription volume, high trust in pharma"
DOC0278,0.8106965881542105,2,"Young potentials with trust: Young potentials, high prescription volume, high trust in pharma"
DOC0289,0.8106965881542105,2,"Young potentials with trust: Young potentials, high prescription volume, high trust in pharma"
DOC0336,0.8106965881542105,2,"Young potentials with trust: Young potentials, high prescription volume, high trust in pharma"
DOC0341,0.8106965881542105,2,"Young potentials with trust: Young potentials, high prescription volume, high trust in pharma"
DOC0358,0.8106965881542105,2,"Young potentials with trust: Young potentials, high prescription volume, high trust in pharma"
DOC0367,0.8106965881542105,2,"Young potentials with trust: Young potentials, high prescription volume, high trust in pharma"
DOC0373,0.8106965881542105,2,"Young potentials with trust: Young potentials, high prescription volume, high trust in pharma"
DOC0374,0.8106965881542105,2,"Young potentials with trust: Young potentials, high prescription volume, high trust in pharma"
DOC0392,0.8106965881542105,2,"Young potentials with trust: Young potentials, high prescription volume, high trust in pharma"
DOC0393,0.8106965881542105,2,"Young potentials with trust: Young potentials, high prescription volume, high trust in pharma"
DOC0417,0.8106965881542105,2,"Young potentials with trust: Young potentials, high prescription volume, high trust in pharma"
DOC0430,0.8106965881542105,2,"Young potentials with trust: Young potentials, high prescription volume, high trust in pharma"
DOC0483,0.8106965881542105,2,"Young potentials with trust: Young potentials, high prescription volume, high trust in pharma"
DOC0489,0.8106965881542105,2,"Young potentials with trust: Young potentials, high prescription volume, high trust in pharma"
DOC0498,0.8106965881542105,2,"Young potentials with trust: Young potentials, high prescription volume, high trust in pharma"
DOC0028,0.4945320265392084,2,"Young potentials with trust: Young potentials, high prescription volume, high trust in pharma"
DOC0033,0.4945320265392084,2,"Young potentials with trust: Young potentials, high prescription volume, high trust in pharma"
DOC0055,0.4945320265392084,2,"Young potentials with trust: Young potentials, high prescription volume, high trust in pharma"
DOC0072,0.4945320265392084,2,"Young potentials with trust: Young potentials, high prescription volume, high trust in pharma"
DOC0081,0.4945320265392084,2,"Young potentials with trust: Young potentials, high prescription volume, high trust in pharma"
DOC0368,0.4945320265392084,2,"Young potentials with trust: Young potentials, high prescription volume, high trust in pharma"
DOC0154,0.395863436467361,2,"Young potentials with trust: Young potentials, high prescription volume, high trust in pharma"
DOC0231,0.31529722892081785,2,"Young potentials with trust: Young potentials, high prescription volume, high trust in pharma"
DOC0311,0.31529722892081785,2,"Young potentials with trust: Young potentials, high prescription volume, high trust in pharma"
DOC0032,0.26190765766009283,2,"Young potentials with trust: Young potentials, high prescription volume, high trust in pharma"
DOC0041,0.26190765766009283,2,"Young potentials with trust: Young potentials, high prescription volume, high trust in pharma"
DOC0235,0.26190765766009283,2,"Young potentials with trust: Young potentials, high prescription volume, high trust in pharma"
DOC0288,0.26190765766009283,2,"Young potentials with trust: Young potentials, high prescription volume, high trust in pharma"
DOC0140,0.19202040490476255,2,"Young potentials with trust: Young potentials, high prescription volume, high trust in pharma"
DOC0221,0.19202040490476255,2,"Young potentials with trust: Young potentials, high prescription volume, high trust in pharma"
DOC0076,0.14946577886357487,2,"Young potentials with trust: Young potentials, high prescription volume, high trust in pharma"
DOC0080,0.14946577886357487,2,"Young potentials with trust: Young potentials, high prescription volume, high trust in pharma"
DOC0112,0.14946577886357487,2,"Young potentials with trust: Young potentials, high prescription volume, high trust in pharma"
DOC0113,0.14946577886357487,2,"Young potentials with trust: Young potentials, high prescription volume, high trust in pharma"
DOC0127,0.14946577886357487,2,"Young potentials with trust: Young potentials, high prescription volume, high trust in pharma"
DOC0317,0.14946577886357487,2,"Young potentials with trust: Young potentials, high prescription volume, high trust in pharma"
DOC0398,0.14946577886357487,2,"Young potentials with trust: Young potentials, high prescription volume, high trust in pharma"
DOC0412,0.14946577886357487,2,"Young potentials with trust: Young potentials, high prescription volume, high trust in pharma"
DOC0413,0.14946577886357487,2,"Young potentials with trust: Young potentials, high prescription volume, high trust in pharma"
DOC0421,0.14946577886357487,2,"Young potentials with trust: Young potentials, high prescription volume, high trust in pharma"
DOC0034,0.04825218054526117,2,"Young potentials with trust: Young potentials, high prescription volume, high trust in pharma"
DOC0174,0.04825218054526117,2,"Young potentials with trust: Young potentials, high prescription volume, high trust in pharma"
DOC0272,0.04825218054526117,2,"Young potentials with trust: Young potentials, high prescription volume, high trust in pharma"
DOC0022,0.9510740003854271,1,"Conservative Urban Prescribers: Low prescription volume, urban, hospital affiliated"
DOC0266,0.9510740003854271,1,"Conservative Urban Prescribers: Low prescription volume, urban, hospital affiliated"
DOC0281,0.9510740003854271,1,"Conservative Urban Prescribers: Low prescription volume, urban, hospital affiliated"
DOC0325,0.9510740003854271,1,"Conservative Urban Prescribers: Low prescription volume, urban, hospital affiliated"
DOC0353,0.9510740003854271,1,"Conservative Urban Prescribers: Low prescription volume, urban, hospital affiliated"
DOC0363,0.9510740003854271,1,"Conservative Urban Prescribers: Low prescription volume, urban, hospital affiliated"
DOC0416,0.9510740003854271,1,"Conservative Urban Prescribers: Low prescription volume, urban, hospital affiliated"
DOC0473,0.9510740003854271,1,"Conservative Urban Prescribers: Low prescription volume, urban, hospital affiliated"
DOC0499,0.9510740003854271,1,"Conservative Urban Prescribers: Low prescription volume, urban, hospital affiliated"
DOC0012,0.8106965881542105,1,"Conservative Urban Prescribers: Low prescription volume, urban, hospital affiliated"
DOC0018,0.8106965881542105,1,"Conservative Urban Prescribers: Low prescription volume, urban, hospital affiliated"
DOC0029,0.8106965881542105,1,"Conservative Urban Prescribers: Low prescription volume, urban, hospital affiliated"
DOC0061,0.8106965881542105,1,"Conservative Urban Prescribers: Low prescription volume, urban, hospital affiliated"
DOC0100,0.8106965881542105,1,"Conservative Urban Prescribers: Low prescription volume, urban, hospital affiliated"
DOC0183,0.8106965881542105,1,"Conservative Urban Prescribers: Low prescription volume, urban, hospital affiliated"
DOC0217,0.8106965881542105,1,"Conservative Urban Prescribers: Low prescription volume, urban, hospital affiliated"
DOC0277,0.8106965881542105,1,"Conservative Urban Prescribers: Low prescription volume, urban, hospital affiliated"
DOC0287,0.8106965881542105,1,"Conservative Urban Prescribers: Low prescription volume, urban, hospital affiliated"
DOC0328,0.8106965881542105,1,"Conservative Urban Prescribers: Low prescription volume, urban, hospital affiliated"
DOC0361,0.8106965881542105,1,"Conservative Urban Prescribers: Low prescription volume, urban, hospital affiliated"
DOC0395,0.8106965881542105,1,"Conservative Urban Prescribers: Low prescription volume, urban, hospital affiliated"
DOC0442,0.8106965881542105,1,"Conservative Urban Prescribers: Low prescription volume, urban, hospital affiliated"
DOC0456,0.8106965881542105,1,"Conservative Urban Prescribers: Low prescription volume, urban, hospital affiliated"
DOC0463,0.8106965881542105,1,"Conservative Urban Prescribers: Low prescription volume, urban, hospital affiliated"
DOC0053,0.7243472143573331,1,"Conservative Urban Prescribers: Low prescription volume, urban, hospital affiliated"
DOC0092,0.7243472143573331,1,"Conservative Urban Prescribers: Low prescription volume, urban, hospital affiliated"
DOC0094,0.7243472143573331,1,"Conservative Urban Prescribers: Low prescription volume, urban, hospital affiliated"
DOC0120,0.7243472143573331,1,"Conservative Urban Prescribers: Low prescription volume, urban, hospital affiliated"
DOC0134,0.7243472143573331,1,"Conservative Urban Prescribers: Low prescription volume, urban, hospital affiliated"
DOC0136,0.7243472143573331,1,"Conservative Urban Prescribers: Low prescription volume, urban, hospital affiliated"
DOC0147,0.7243472143573331,1,"Conservative Urban Prescribers: Low prescription volume, urban, hospital affiliated"
DOC0155,0.7243472143573331,1,"Conservative Urban Prescribers: Low prescription volume, urban, hospital affiliated"
DOC0178,0.7243472143573331,1,"Conservative Urban Prescribers: Low prescription volume, urban, hospital affiliated"
DOC0232,0.7243472143573331,1,"Conservative Urban Prescribers: Low prescription volume, urban, hospital affiliated"
DOC0243,0.7243472143573331,1,"Conservative Urban Prescribers: Low prescription volume, urban, hospital affiliated"
DOC0248,0.7243472143573331,1,"Conservative Urban Prescribers: Low prescription volume, urban, hospital affiliated"
DOC0269,0.7243472143573331,1,"Conservative Urban Prescribers: Low prescription volume, urban, hospital affiliated"
DOC0345,0.7243472143573331,1,"Conservative Urban Prescribers: Low prescription volume, urban, hospital affiliated"
DOC0354,0.7243472143573331,1,"Conservative Urban Prescribers: Low prescription volume, urban, hospital affiliated"
DOC0360,0.7243472143573331,1,"Conservative Urban Prescribers: Low prescription volume, urban, hospital affiliated"
DOC0415,0.7243472143573331,1,"Conservative Urban Prescribers: Low prescription volume, urban, hospital affiliated"
DOC0445,0.7243472143573331,1,"Conservative Urban Prescribers: Low prescription volume, urban, hospital affiliated"
DOC0453,0.7243472143573331,1,"Conservative Urban Prescribers: Low prescription volume, urban, hospital affiliated"
DOC0454,0.7243472143573331,1,"Conservative Urban Prescribers: Low prescription volume, urban, hospital affiliated"
DOC0458,0.7243472143573331,1,"Conservative Urban Prescribers: Low prescription volume, urban, hospital affiliated"
DOC0494,0.7243472143573331,1,"Conservative Urban Prescribers: Low prescription volume, urban, hospital affiliated"
DOC0196,0.4945320265392084,1,"Conservative Urban Prescribers: Low prescription volume, urban, hospital affiliated"
DOC0109,0.31529722892081785,1,"Conservative Urban Prescribers: Low prescription volume, urban, hospital affiliated"
DOC0150,0.31529722892081785,1,"Conservative Urban Prescribers: Low prescription volume, urban, hospital affiliated"
DOC0169,0.31529722892081785,1,"Conservative Urban Prescribers: Low prescription volume, urban, hospital affiliated"
DOC0280,0.31529722892081785,1,"Conservative Urban Prescribers: Low prescription volume, urban, hospital affiliated"
DOC0312,0.31529722892081785,1,"Conservative Urban Prescribers: Low prescription volume, urban, hospital affiliated"
DOC0364,0.31529722892081785,1,"Conservative Urban Prescribers: Low prescription volume, urban, hospital affiliated"
DOC0486,0.31529722892081785,1,"Conservative Urban Prescribers: Low prescription volume, urban, hospital affiliated"
DOC0117,0.26190765766009283,1,"Conservative Urban Prescribers: Low prescription volume, urban, hospital affiliated"
DOC0254,0.26190765766009283,1,"Conservative Urban Prescribers: Low prescription volume, urban, hospital affiliated"
DOC0436,0.26190765766009283,1,"Conservative Urban Prescribers: Low prescription volume, urban, hospital affiliated"
DOC0005,0.19202040490476255,1,"Conservative Urban Prescribers: Low prescription volume, urban, hospital affiliated"
DOC0172,0.19202040490476255,1,"Conservative Urban Prescribers: Low prescription volume, urban, hospital affiliated"
DOC0186,0.19202040490476255,1,"Conservative Urban Prescribers: Low prescription volume, urban, hospital affiliated"
DOC0211,0.19202040490476255,1,"Conservative Urban Prescribers: Low prescription volume, urban, hospital affiliated"
DOC0318,0.19202040490476255,1,"Conservative Urban Prescribers: Low prescription volume, urban, hospital affiliated"
DOC0330,0.19202040490476255,1,"Conservative Urban Prescribers: Low prescription volume, urban, hospital affiliated"
DOC0485,0.19202040490476255,1,"Conservative Urban Prescribers: Low prescription volume, urban, hospital affiliated"
DOC0001,0.14946577886357487,1,"Conservative Urban Prescribers: Low prescription volume, urban, hospital affiliated"
DOC0068,0.14946577886357487,1,"Conservative Urban Prescribers: Low prescription volume, urban, hospital affiliated"
DOC0071,0.14946577886357487,1,"Conservative Urban Prescribers: Low prescription volume, urban, hospital affiliated"
DOC0074,0.14946577886357487,1,"Conservative Urban Prescribers: Low prescription volume, urban, hospital affiliated"
DOC0104,0.14946577886357487,1,"Conservative Urban Prescribers: Low prescription volume, urban, hospital affiliated"
DOC0124,0.14946577886357487,1,"Conservative Urban Prescribers: Low prescription volume, urban, hospital affiliated"
DOC0128,0.14946577886357487,1,"Conservative Urban Prescribers: Low prescription volume, urban, hospital affiliated"
DOC0137,0.14946577886357487,1,"Conservative Urban Prescribers: Low prescription volume, urban, hospital affiliated"
DOC0138,0.14946577886357487,1,"Conservative Urban Prescribers: Low prescription volume, urban, hospital affiliated"
DOC0156,0.14946577886357487,1,"Conservative Urban Prescribers: Low prescription volume, urban, hospital affiliated"
DOC0158,0.14946577886357487,1,"Conservative Urban Prescribers: Low prescription volume, urban, hospital affiliated"
DOC0160,0.14946577886357487,1,"Conservative Urban Prescribers: Low prescription volume, urban, hospital affiliated"
DOC0161,0.14946577886357487,1,"Conservative Urban Prescribers: Low prescription volume, urban, hospital affiliated"
DOC0168,0.14946577886357487,1,"Conservative Urban Prescribers: Low prescription volume, urban, hospital affiliated"
DOC0179,0.14946577886357487,1,"Conservative Urban Prescribers: Low prescription volume, urban, hospital affiliated"
DOC0181,0.14946577886357487,1,"Conservative Urban Prescribers: Low prescription volume, urban, hospital affiliated"
DOC0189,0.14946577886357487,1,"Conservative Urban Prescribers: Low prescription volume, urban, hospital affiliated"
DOC0193,0.14946577886357487,1,"Conservative Urban Prescribers: Low prescription volume, urban, hospital affiliated"
DOC0213,0.14946577886357487,1,"Conservative Urban Prescribers: Low prescription volume, urban, hospital affiliated"
DOC0247,0.14946577886357487,1,"Conservative Urban Prescribers: Low prescription volume, urban, hospital affiliated"
DOC0253,0.14946577886357487,1,"Conservative Urban Prescribers: Low prescription volume, urban, hospital affiliated"
DOC0258,0.14946577886357487,1,"Conservative Urban Prescribers: Low prescription volume, urban, hospital affiliated"
DOC0259,0.14946577886357487,1,"Conservative Urban Prescribers: Low prescription volume, urban, hospital affiliated"
DOC0296,0.14946577886357487,1,"Conservative Urban Prescribers: Low prescription volume, urban, hospital affiliated"
DOC0305,0.14946577886357487,1,"Conservative Urban Prescribers: Low prescription volume, urban, hospital affiliated"
DOC0308,0.14946577886357487,1,"Conservative Urban Prescribers: Low prescription volume, urban, hospital affiliated"
DOC0310,0.14946577886357487,1,"Conservative Urban Prescribers: Low prescription volume, urban, hospital affiliated"
DOC0320,0.14946577886357487,1,"Conservative Urban Prescribers: Low prescription volume, urban, hospital affiliated"
DOC0333,0.14946577886357487,1,"Conservative Urban Prescribers: Low prescription volume, urban, hospital affiliated"
DOC0338,0.14946577886357487,1,"Conservative Urban Prescribers: Low prescription volume, urban, hospital affiliated"
DOC0352,0.14946577886357487,1,"Conservative Urban Prescribers: Low prescription volume, urban, hospital affiliated"
DOC0377,0.14946577886357487,1,"Conservative Urban Prescribers: Low prescription volume, urban, hospital affiliated"
DOC0389,0.14946577886357487,1,"Conservative Urban Prescribers: Low prescription volume, urban, hospital affiliated"
DOC0409,0.14946577886357487,1,"Conservative Urban Prescribers: Low prescription volume, urban, hospital affiliated"
DOC0411,0.14946577886357487,1,"Conservative Urban Prescribers: Low prescription volume, urban, hospital affiliated"
DOC0414,0.14946577886357487,1,"Conservative Urban Prescribers: Low prescription volume, urban, hospital affiliated"
DOC0437,0.14946577886357487,1,"Conservative Urban Prescribers: Low prescription volume, urban, hospital affiliated"
DOC0471,0.14946577886357487,1,"Conservative Urban Prescribers: Low prescription volume, urban, hospital affiliated"
DOC0475,0.14946577886357487,1,"Conservative Urban Prescribers: Low prescription volume, urban, hospital affiliated"
DOC0479,0.14946577886357487,1,"Conservative Urban Prescribers: Low prescription volume, urban, hospital affiliated"
DOC0493,0.14946577886357487,1,"Conservative Urban Prescribers: Low prescription volume, urban, hospital affiliated"
DOC0495,0.14946577886357487,1,"Conservative Urban Prescribers: Low prescription volume, urban, hospital affiliated"
DOC0070,0.04825218054526117,1,"Conservative Urban Prescribers: Low prescription volume, urban, hospital affiliated"
DOC0086,0.04825218054526117,1,"Conservative Urban Prescribers: Low prescription volume, urban, hospital affiliated"
DOC0089,0.04825218054526117,1,"Conservative Urban Prescribers: Low prescription volume, urban, hospital affiliated"
DOC0095,0.04825218054526117,1,"Conservative Urban Prescribers: Low prescription volume, urban, hospital affiliated"
DOC0115,0.04825218054526117,1,"Conservative Urban Prescribers: Low prescription volume, urban, hospital affiliated"
DOC0149,0.04825218054526117,1,"Conservative Urban Prescribers: Low prescription volume, urban, hospital affiliated"
DOC0170,0.04825218054526117,1,"Conservative Urban Prescribers: Low prescription volume, urban, hospital affiliated"
DOC0205,0.04825218054526117,1,"Conservative Urban Prescribers: Low prescription volume, urban, hospital affiliated"
DOC0208,0.04825218054526117,1,"Conservative Urban Prescribers: Low prescription volume, urban, hospital affiliated"
DOC0252,0.04825218054526117,1,"Conservative Urban Prescribers: Low prescription volume, urban, hospital affiliated"
DOC0283,0.04825218054526117,1,"Conservative Urban Prescribers: Low prescription volume, urban, hospital affiliated"
DOC0286,0.04825218054526117,1,"Conservative Urban Prescribers: Low prescription volume, urban, hospital affiliated"
DOC0290,0.04825218054526117,1,"Conservative Urban Prescribers: Low prescription volume, urban, hospital affiliated"
DOC0365,0.04825218054526117,1,"Conservative Urban Prescribers: Low prescription volume, urban, hospital affiliated"
DOC0379,0.04825218054526117,1,"Conservative Urban Prescribers: Low prescription volume, urban, hospital affiliated"
DOC0382,0.04825218054526117,1,"Conservative Urban Prescribers: Low prescription volume, urban, hospital affiliated"
DOC0394,0.04825218054526117,1,"Conservative Urban Prescribers: Low prescription volume, urban, hospital affiliated"
DOC0402,0.04825218054526117,1,"Conservative Urban Prescribers: Low prescription volume, urban, hospital affiliated"
DOC0424,0.04825218054526117,1,"Conservative Urban Prescribers: Low prescription volume, urban, hospital affiliated"
DOC0428,0.04825218054526117,1,"Conservative Urban Prescribers: Low prescription volume, urban, hospital affiliated"
DOC0439,0.04825218054526117,1,"Conservative Urban Prescribers: Low prescription volume, urban, hospital affiliated"
DOC0467,0.04825218054526117,1,"Conservative Urban Prescribers: Low prescription volume, urban, hospital affiliated"
DOC0490,0.04825218054526117,1,"Conservative Urban Prescribers: Low prescription volume, urban, hospital affiliated"
DOC0004,0.9510740003854271,0,"Balanced General Physicians: Medium prescription volume, high price sensitivity, run individual practices"
DOC0047,0.9510740003854271,0,"Balanced General Physicians: Medium prescription volume, high price sensitivity, run individual practices"
DOC0059,0.9510740003854271,0,"Balanced General Physicians: Medium prescription volume, high price sensitivity, run individual practices"
DOC0102,0.9510740003854271,0,"Balanced General Physicians: Medium prescription volume, high price sensitivity, run individual practices"
DOC0110,0.9510740003854271,0,"Balanced General Physicians: Medium prescription volume, high price sensitivity, run individual practices"
DOC0143,0.9510740003854271,0,"Balanced General Physicians: Medium prescription volume, high price sensitivity, run individual practices"
DOC0152,0.9510740003854271,0,"Balanced General Physicians: Medium prescription volume, high price sensitivity, run individual practices"
DOC0204,0.9510740003854271,0,"Balanced General Physicians: Medium prescription volume, high price sensitivity, run individual practices"
DOC0337,0.9510740003854271,0,"Balanced General Physicians: Medium prescription volume, high price sensitivity, run individual practices"
DOC0491,0.9510740003854271,0,"Balanced General Physicians: Medium prescription volume, high price sensitivity, run individual practices"
DOC0002,0.8106965881542105,0,"Balanced General Physicians: Medium prescription volume, high price sensitivity, run individual practices"
DOC0025,0.8106965881542105,0,"Balanced General Physicians: Medium prescription volume, high price sensitivity, run individual practices"
DOC0026,0.8106965881542105,0,"Balanced General Physicians: Medium prescription volume, high price sensitivity, run individual practices"
DOC0040,0.8106965881542105,0,"Balanced General Physicians: Medium prescription volume, high price sensitivity, run individual practices"
DOC0052,0.8106965881542105,0,"Balanced General Physicians: Medium prescription volume, high price sensitivity, run individual practices"
DOC0065,0.8106965881542105,0,"Balanced General Physicians: Medium prescription volume, high price sensitivity, run individual practices"
DOC0093,0.8106965881542105,0,"Balanced General Physicians: Medium prescription volume, high price sensitivity, run individual practices"
DOC0106,0.8106965881542105,0,"Balanced General Physicians: Medium prescription volume, high price sensitivity, run individual practices"
DOC0148,0.8106965881542105,0,"Balanced General Physicians: Medium prescription volume, high price sensitivity, run individual practices"
DOC0177,0.8106965881542105,0,"Balanced General Physicians: Medium prescription volume, high price sensitivity, run individual practices"
DOC0185,0.8106965881542105,0,"Balanced General Physicians: Medium prescription volume, high price sensitivity, run individual practices"
DOC0195,0.8106965881542105,0,"Balanced General Physicians: Medium prescription volume, high price sensitivity, run individual practices"
DOC0237,0.8106965881542105,0,"Balanced General Physicians: Medium prescription volume, high price sensitivity, run individual practices"
DOC0271,0.8106965881542105,0,"Balanced General Physicians: Medium prescription volume, high price sensitivity, run individual practices"
DOC0273,0.8106965881542105,0,"Balanced General Physicians: Medium prescription volume, high price sensitivity, run individual practices"
DOC0275,0.8106965881542105,0,"Balanced General Physicians: Medium prescription volume, high price sensitivity, run individual practices"
DOC0291,0.8106965881542105,0,"Balanced General Physicians: Medium prescription volume, high price sensitivity, run individual practices"
DOC0293,0.8106965881542105,0,"Balanced General Physicians: Medium prescription volume, high price sensitivity, run individual practices"
DOC0297,0.8106965881542105,0,"Balanced General Physicians: Medium prescription volume, high price sensitivity, run individual practices"
DOC0306,0.8106965881542105,0,"Balanced General Physicians: Medium prescription volume, high price sensitivity, run individual practices"
DOC0309,0.8106965881542105,0,"Balanced General Physicians: Medium prescription volume, high price sensitivity, run individual practices"
DOC0321,0.8106965881542105,0,"Balanced General Physicians: Medium prescription volume, high price sensitivity, run individual practices"
DOC0349,0.8106965881542105,0,"Balanced General Physicians: Medium prescription volume, high price sensitivity, run individual practices"
DOC0385,0.8106965881542105,0,"Balanced General Physicians: Medium prescription volume, high price sensitivity, run individual practices"
DOC0388,0.8106965881542105,0,"Balanced General Physicians: Medium prescription volume, high price sensitivity, run individual practices"
DOC0406,0.8106965881542105,0,"Balanced General Physicians: Medium prescription volume, high price sensitivity, run individual practices"
DOC0432,0.8106965881542105,0,"Balanced General Physicians: Medium prescription volume, high price sensitivity, run individual practices"
DOC0007,0.7243472143573331,0,"Balanced General Physicians: Medium prescription volume, high price sensitivity, run individual practices"
DOC0009,0.7243472143573331,0,"Balanced General Physicians: Medium prescription volume, high price sensitivity, run individual practices"
DOC0054,0.7243472143573331,0,"Balanced General Physicians: Medium prescription volume, high price sensitivity, run individual practices"
DOC0064,0.7243472143573331,0,"Balanced General Physicians: Medium prescription volume, high price sensitivity, run individual practices"
DOC0130,0.7243472143573331,0,"Balanced General Physicians: Medium prescription volume, high price sensitivity, run individual practices"
DOC0153,0.7243472143573331,0,"Balanced General Physicians: Medium prescription volume, high price sensitivity, run individual practices"
DOC0222,0.7243472143573331,0,"Balanced General Physicians: Medium prescription volume, high price sensitivity, run individual practices"
DOC0264,0.7243472143573331,0,"Balanced General Physicians: Medium prescription volume, high price sensitivity, run individual practices"
DOC0313,0.7243472143573331,0,"Balanced General Physicians: Medium prescription volume, high price sensitivity, run individual practices"
DOC0371,0.7243472143573331,0,"Balanced General Physicians: Medium prescription volume, high price sensitivity, run individual practices"
DOC0474,0.7243472143573331,0,"Balanced General Physicians: Medium prescription volume, high price sensitivity, run individual practices"
DOC0075,0.4945320265392084,0,"Balanced General Physicians: Medium prescription volume, high price sensitivity, run individual practices"
DOC0090,0.4945320265392084,0,"Balanced General Physicians: Medium prescription volume, high price sensitivity, run individual practices"
DOC0207,0.4945320265392084,0,"Balanced General Physicians: Medium prescription volume, high price sensitivity, run individual practices"
DOC0216,0.4945320265392084,0,"Balanced General Physicians: Medium prescription volume, high price sensitivity, run individual practices"
DOC0327,0.4945320265392084,0,"Balanced General Physicians: Medium prescription volume, high price sensitivity, run individual practices"
DOC0441,0.4945320265392084,0,"Balanced General Physicians: Medium prescription volume, high price sensitivity, run individual practices"
DOC0451,0.4945320265392084,0,"Balanced General Physicians: Medium prescription volume, high price sensitivity, run individual practices"
DOC0043,0.395863436467361,0,"Balanced General Physicians: Medium prescription volume, high price sensitivity, run individual practices"
DOC0060,0.395863436467361,0,"Balanced General Physicians: Medium prescription volume, high price sensitivity, run individual practices"
DOC0079,0.395863436467361,0,"Balanced General Physicians: Medium prescription volume, high price sensitivity, run individual practices"
DOC0292,0.395863436467361,0,"Balanced General Physicians: Medium prescription volume, high price sensitivity, run individual practices"
DOC0391,0.395863436467361,0,"Balanced General Physicians: Medium prescription volume, high price sensitivity, run individual practices"
DOC0042,0.31529722892081785,0,"Balanced General Physicians: Medium prescription volume, high price sensitivity, run individual practices"
DOC0056,0.31529722892081785,0,"Balanced General Physicians: Medium prescription volume, high price sensitivity, run individual practices"
DOC0119,0.31529722892081785,0,"Balanced General Physicians: Medium prescription volume, high price sensitivity, run individual practices"
DOC0157,0.31529722892081785,0,"Balanced General Physicians: Medium prescription volume, high price sensitivity, run individual practices"
DOC0201,0.31529722892081785,0,"Balanced General Physicians: Medium prescription volume, high price sensitivity, run individual practices"
DOC0225,0.31529722892081785,0,"Balanced General Physicians: Medium prescription volume, high price sensitivity, run individual practices"
DOC0236,0.31529722892081785,0,"Balanced General Physicians: Medium prescription volume, high price sensitivity, run individual practices"
DOC0268,0.31529722892081785,0,"Balanced General Physicians: Medium prescription volume, high price sensitivity, run individual practices"
DOC0324,0.31529722892081785,0,"Balanced General Physicians: Medium prescription volume, high price sensitivity, run individual practices"
DOC0346,0.31529722892081785,0,"Balanced General Physicians: Medium prescription volume, high price sensitivity, run individual practices"
DOC0407,0.31529722892081785,0,"Balanced General Physicians: Medium prescription volume, high price sensitivity, run individual practices"
DOC0019,0.26190765766009283,0,"Balanced General Physicians: Medium prescription volume, high price sensitivity, run individual practices"
DOC0038,0.26190765766009283,0,"Balanced General Physicians: Medium prescription volume, high price sensitivity, run individual practices"
DOC0129,0.26190765766009283,0,"Balanced General Physicians: Medium prescription volume, high price sensitivity, run individual practices"
DOC0184,0.26190765766009283,0,"Balanced General Physicians: Medium prescription volume, high price sensitivity, run individual practices"
DOC0187,0.26190765766009283,0,"Balanced General Physicians: Medium prescription volume, high price sensitivity, run individual practices"
DOC0212,0.26190765766009283,0,"Balanced General Physicians: Medium prescription volume, high price sensitivity, run individual practices"
DOC0224,0.26190765766009283,0,"Balanced General Physicians: Medium prescription volume, high price sensitivity, run individual practices"
DOC0245,0.26190765766009283,0,"Balanced General Physicians: Medium prescription volume, high price sensitivity, run individual practices"
DOC0285,0.26190765766009283,0,"Balanced General Physicians: Medium prescription volume, high price sensitivity, run individual practices"
DOC0423,0.26190765766009283,0,"Balanced General Physicians: Medium prescription volume, high price sensitivity, run individual practices"
DOC0455,0.26190765766009283,0,"Balanced General Physicians: Medium prescription volume, high price sensitivity, run individual practices"
DOC0470,0.26190765766009283,0,"Balanced General Physicians: Medium prescription volume, high price sensitivity, run individual practices"
DOC0497,0.26190765766009283,0,"Balanced General Physicians: Medium prescription volume, high price sensitivity, run individual practices"
DOC0003,0.19202040490476255,0,"Balanced General Physicians: Medium prescription volume, high price sensitivity, run individual practices"
DOC0035,0.19202040490476255,0,"Balanced General Physicians: Medium prescription volume, high price sensitivity, run individual practices"
DOC0051,0.19202040490476255,0,"Balanced General Physicians: Medium prescription volume, high price sensitivity, run individual practices"
DOC0067,0.19202040490476255,0,"Balanced General Physicians: Medium prescription volume, high price sensitivity, run individual practices"
DOC0073,0.19202040490476255,0,"Balanced General Physicians: Medium prescription volume, high price sensitivity, run individual practices"
DOC0131,0.19202040490476255,0,"Balanced General Physicians: Medium prescription volume, high price sensitivity, run individual practices"
DOC0194,0.19202040490476255,0,"Balanced General Physicians: Medium prescription volume, high price sensitivity, run individual practices"
DOC0214,0.19202040490476255,0,"Balanced General Physicians: Medium prescription volume, high price sensitivity, run individual practices"
DOC0233,0.19202040490476255,0,"Balanced General Physicians: Medium prescription volume, high price sensitivity, run individual practices"
DOC0246,0.19202040490476255,0,"Balanced General Physicians: Medium prescription volume, high price sensitivity, run individual practices"
DOC0250,0.19202040490476255,0,"Balanced General Physicians: Medium prescription volume, high price sensitivity, run individual practices"
DOC0276,0.19202040490476255,0,"Balanced General Physicians: Medium prescription volume, high price sensitivity, run individual practices"
DOC0279,0.19202040490476255,0,"Balanced General Physicians: Medium prescription volume, high price sensitivity, run individual practices"
DOC0304,0.19202040490476255,0,"Balanced General Physicians: Medium prescription volume, high price sensitivity, run individual practices"
DOC0397,0.19202040490476255,0,"Balanced General Physicians: Medium prescription volume, high price sensitivity, run individual practices"
DOC0408,0.19202040490476255,0,"Balanced General Physicians: Medium prescription volume, high price sensitivity, run individual practices"
DOC0410,0.19202040490476255,0,"Balanced General Physicians: Medium prescription volume, high price sensitivity, run individual practices"
DOC0427,0.19202040490476255,0,"Balanced General Physicians: Medium prescription volume, high price sensitivity, run individual practices"
DOC0462,0.19202040490476255,0,"Balanced General Physicians: Medium prescription volume, high price sensitivity, run individual practices"
DOC0477,0.19202040490476255,0,"Balanced General Physicians: Medium prescription volume, high price sensitivity, run individual practices"
DOC0492,0.19202040490476255,0,"Balanced General Physicians: Medium prescription volume, high price sensitivity, run individual practices"
DOC0008,0.14946577886357487,0,"Balanced General Physicians: Medium prescription volume, high price sensitivity, run individual practices"
DOC0087,0.14946577886357487,0,"Balanced General Physicians: Medium prescription volume, high price sensitivity, run individual practices"
DOC0088,0.14946577886357487,0,"Balanced General Physicians: Medium prescription volume, high price sensitivity, run individual practices"
DOC0105,0.14946577886357487,0,"Balanced General Physicians: Medium prescription volume, high price sensitivity, run individual practices"
DOC0118,0.14946577886357487,0,"Balanced General Physicians: Medium prescription volume, high price sensitivity, run individual practices"
DOC0123,0.14946577886357487,0,"Balanced General Physicians: Medium prescription volume, high price sensitivity, run individual practices"
DOC0125,0.14946577886357487,0,"Balanced General Physicians: Medium prescription volume, high price sensitivity, run individual practices"
DOC0144,0.14946577886357487,0,"Balanced General Physicians: Medium prescription volume, high price sensitivity, run individual practices"
DOC0166,0.14946577886357487,0,"Balanced General Physicians: Medium prescription volume, high price sensitivity, run individual practices"
DOC0228,0.14946577886357487,0,"Balanced General Physicians: Medium prescription volume, high price sensitivity, run individual practices"
DOC0260,0.14946577886357487,0,"Balanced General Physicians: Medium prescription volume, high price sensitivity, run individual practices"
DOC0263,0.14946577886357487,0,"Balanced General Physicians: Medium prescription volume, high price sensitivity, run individual practices"
DOC0282,0.14946577886357487,0,"Balanced General Physicians: Medium prescription volume, high price sensitivity, run individual practices"
DOC0300,0.14946577886357487,0,"Balanced General Physicians: Medium prescription volume, high price sensitivity, run individual practices"
DOC0316,0.14946577886357487,0,"Balanced General Physicians: Medium prescription volume, high price sensitivity, run individual practices"
DOC0331,0.14946577886357487,0,"Balanced General Physicians: Medium prescription volume, high price sensitivity, run individual practices"
DOC0372,0.14946577886357487,0,"Balanced General Physicians: Medium prescription volume, high price sensitivity, run individual practices"
DOC0376,0.14946577886357487,0,"Balanced General Physicians: Medium prescription volume, high price sensitivity, run individual practices"
DOC0425,0.14946577886357487,0,"Balanced General Physicians: Medium prescription volume, high price sensitivity, run individual practices"
DOC0484,0.14946577886357487,0,"Balanced General Physicians: Medium prescription volume, high price sensitivity, run individual practices"
DOC0000,0.04825218054526117,0,"Balanced General Physicians: Medium prescription volume, high price sensitivity, run individual practices"
DOC0010,0.04825218054526117,0,"Balanced General Physicians: Medium prescription volume, high price sensitivity, run individual practices"
DOC0049,0.04825218054526117,0,"Balanced General Physicians: Medium prescription volume, high price sensitivity, run individual practices"
DOC0063,0.04825218054526117,0,"Balanced General Physicians: Medium prescription volume, high price sensitivity, run individual practices"
DOC0082,0.04825218054526117,0,"Balanced General Physicians: Medium prescription volume, high price sensitivity, run individual practices"
DOC0103,0.04825218054526117,0,"Balanced General Physicians: Medium prescription volume, high price sensitivity, run individual practices"
DOC0146,0.04825218054526117,0,"Balanced General Physicians: Medium prescription volume, high price sensitivity, run individual practices"
DOC0209,0.04825218054526117,0,"Balanced General Physicians: Medium prescription volume, high price sensitivity, run individual practices"
DOC0227,0.04825218054526117,0,"Balanced General Physicians: Medium prescription volume, high price sensitivity, run individual practices"
DOC0238,0.04825218054526117,0,"Balanced General Physicians: Medium prescription volume, high price sensitivity, run individual practices"
DOC0256,0.04825218054526117,0,"Balanced General Physicians: Medium prescription volume, high price sensitivity, run individual practices"
DOC0302,0.04825218054526117,0,"Balanced General Physicians: Medium prescription volume, high price sensitivity, run individual practices"
DOC0307,0.04825218054526117,0,"Balanced General Physicians: Medium prescription volume, high price sensitivity, run individual practices"
DOC0314,0.04825218054526117,0,"Balanced General Physicians: Medium prescription volume, high price sensitivity, run individual practices"
DOC0326,0.04825218054526117,0,"Balanced General Physicians: Medium prescription volume, high price sensitivity, run individual practices"
DOC0334,0.04825218054526117,0,"Balanced General Physicians: Medium prescription volume, high price sensitivity, run individual practices"
DOC0384,0.04825218054526117,0,"Balanced General Physicians: Medium prescription volume, high price sensitivity, run individual practices"
DOC0399,0.04825218054526117,0,"Balanced General Physicians: Medium prescription volume, high price sensitivity, run individual practices"
DOC0401,0.04825218054526117,0,"Balanced General Physicians: Medium prescription volume, high price sensitivity, run individual practices"
DOC0405,0.04825218054526117,0,"Balanced General Physicians: Medium prescription volume, high price sensitivity, run individual practices"
DOC0434,0.04825218054526117,0,"Balanced General Physicians: Medium prescription volume, high price sensitivity, run individual practices"
DOC0449,0.04825218054526117,0,"Balanced General Physicians: Medium prescription volume, high price sensitivity, run individual practices"
DOC0461,0.04825218054526117,0,"Balanced General Physicians: Medium prescription volume, high price sensitivity, run individual practices"
DOC0466,0.04825218054526117,0,"Balanced General Physicians: Medium prescription volume, high price sensitivity, run individual practices"
DOC0468,0.04825218054526117,0,"Balanced General Physicians: Medium prescription volume, high price sensitivity, run individual practices"
DOC0482,0.04825218054526117,0,"Balanced General Physicians: Medium prescription volume, high price sensitivity, run individual practices"
